<?xml version="1.0" encoding="UTF-8"?>
<beans:beans xmlns="http://www.springframework.org/schema/mvc"
	xmlns:xsi="http://www.w3.org/2001/XMLSchema-instance"
	xmlns:beans="http://www.springframework.org/schema/beans"
	xmlns:context="http://www.springframework.org/schema/context"
	xsi:schemaLocation="http://www.springframework.org/schema/mvc https://www.springframework.org/schema/mvc/spring-mvc.xsd
		http://www.springframework.org/schema/beans https://www.springframework.org/schema/beans/spring-beans.xsd
		http://www.springframework.org/schema/context https://www.springframework.org/schema/context/spring-context.xsd">

	<!-- DispatcherServlet Context: defines this servlet's request-processing infrastructure -->
	
	<!-- Enables the Spring MVC @Controller programming model -->
	<annotation-driven />

	<!-- Handles HTTP GET requests for /resources/** by efficiently serving up static resources in the ${webappRoot}/resources directory -->
	<resources mapping="/resources/**" location="/resources/" />

	<!-- Resolves views selected for rendering by @Controllers to .jsp resources in the /WEB-INF/views directory -->
	<beans:bean class="org.springframework.web.servlet.view.InternalResourceViewResolver">
		<beans:property name="prefix" value="/WEB-INF/views/" />
		<beans:property name="suffix" value=".jsp" />
	</beans:bean>
	
	<!-- file Upload -->
    <beans:bean id="multipartResolver" class="org.springframework.web.multipart.commons.CommonsMultipartResolver">
        <!-- max upload size in bytes -->
        <beans:property name="maxUploadSize" value="5242880" /> <!-- 5MB -->
        <!-- max size of file in memory (in bytes) -->
        <beans:property name="maxInMemorySize" value="1048576" /> <!-- 1MB -->
    </beans:bean>
	
	<context:component-scan base-package="com.oe" />
	
	<!-- C:폴더의 그림 파일 업로드  -->
	<resources mapping="/resources/**" location="/resources/" />
    <resources mapping="/img/**" location="C:\\oe_upload\\" />
	
	
<!-- 회원가입 메일 인증 -->
	<beans:bean id="mailSender"	class="org.springframework.mail.javamail.JavaMailSenderImpl">
		<beans:property name="host" value="smtp.gmail.com" />
		<beans:property name="port" value="587" /><!-- 465 or 25 -->
		<beans:property name="username" value="jinaa0103@gmail.com" />
		<beans:property name="password" value="towiugynvbnjmdlg" />
		<beans:property name="defaultEncoding" value="utf-8" />
		<beans:property name="javaMailProperties">
			<beans:props>
				<beans:prop key="mail.transport.protocol">smtp</beans:prop>
				<beans:prop key="mail.smtp.auth">true</beans:prop>
				<beans:prop key="mail.smtp.starttls.enable">true</beans:prop>
				<beans:prop key="mail.debug">true</beans:prop>
				
				<beans:prop key="mail.smtp.ssl.trust">smtp.gmail.com</beans:prop>
				<beans:prop key="mail.smtp.ssl.protocols">TLSv1.2</beans:prop>		
			
			</beans:props>
		</beans:property>
	</beans:bean> 
		
	
	
	
	
</beans:beans>