<?xml version="1.0" encoding="UTF-8"?>
<beans xmlns="http://www.springframework.org/schema/beans"
   xmlns:xsi="http://www.w3.org/2001/XMLSchema-instance"
   xmlns:mybatis-spring="http://mybatis.org/schema/mybatis-spring"
   xmlns:context="http://www.springframework.org/schema/context"
   xsi:schemaLocation="http://mybatis.org/schema/mybatis-spring http://mybatis.org/schema/mybatis-spring-1.2.xsd
      http://www.springframework.org/schema/beans https://www.springframework.org/schema/beans/spring-beans.xsd
      http://www.springframework.org/schema/context http://www.springframework.org/schema/context/spring-context-4.3.xsd">
   
   <!-- 히카리cp 사용 설정->한번 작성해보고 갖다 쓰기 -->
   
   <bean id="hikariConfig" class="com.zaxxer.hikari.HikariConfig">
      <!-- <property name="driverClassName" value="oracle.jdbc.driver.OracleDriver"/> -->
      <property name="driverClassName" value="net.sf.log4jdbc.sql.jdbcapi.DriverSpy"/>
      <!-- <property name="jdbcUrl" value="jdbc:oracle:thin:@localhost:1521:xe"/> -->
      <property name="jdbcUrl" value="jdbc:log4jdbc:oracle:thin:@localhost:1521:xe"/>
      <property name="username" value="book"/>
      <property name="password" value="1234"/>
   </bean>
   
   <bean id="dataSource" class="com.zaxxer.hikari.HikariDataSource" destroy-method="close">
      <constructor-arg ref="hikariConfig"></constructor-arg>
   </bean>
   
   <!-- 마이바티스 빈등록 -->
   <bean id="sqlSessionFactory" class="org.mybatis.spring.SqlSessionFactoryBean">
      <property name="dataSource" ref="dataSource" />
   </bean>
      
   <!-- 마이바티스 사용하기 위해 경로 설정. -->   
   <mybatis-spring:scan base-package="org.zerock.mapper"/>
      
   <context:component-scan base-package="org.zerock.service">
   </context:component-scan>
         
</beans>